{
    "avg_prec": 0.7994871925682414,
    "roc_auc": 0.8964298930377629
}