{
    "avg_prec": 0.7710010759863126,
    "roc_auc": 0.875580773816866
}