{
    "avg_prec": 0.7999436239290708,
    "roc_auc": 0.8961949402926337
}